weather_id,route_id,region,wind_speed_knots,wave_height_m,visibility_km,storm_probability,weather_condition
W001,R001,Indian Ocean,28,3.5,12,25,Moderate
W002,R002,Indian Ocean,35,4.8,9,40,Stormy
W003,R003,Indian Ocean,30,3.8,10,30,Moderate
W004,R004,North Sea,32,4.2,8,35,Stormy
W005,R005,Arabian Sea,22,2.5,15,15,Good
W006,R006,Arabian Sea,29,3.6,11,25,Moderate
W007,R007,Indian Ocean,20,2.0,16,10,Good
W008,R008,Indian Ocean,27,3.2,13,20,Moderate
W009,R009,Indian Ocean,18,1.8,18,8,Good
W010,R010,North Sea,30,4.0,10,30,Moderate
W011,R011,Indian Ocean,23,2.0,12,33,Moderate
W012,R012,North Sea,26,3.4,18,16,Moderate
W013,R013,Arabian Sea,33,2.2,14,31,Stormy
W014,R014,Indian Ocean,24,2.4,11,19,Moderate
W015,R015,North Sea,26,3.0,11,17,Moderate
W016,R016,Arabian Sea,25,4.3,10,34,Stormy
W017,R017,Indian Ocean,31,2.5,8,22,Stormy
W018,R018,North Sea,26,4.3,14,31,Stormy
W019,R019,Arabian Sea,26,4.3,17,28,Stormy
W020,R020,Indian Ocean,18,4.5,17,29,Stormy
W021,R021,North Sea,23,2.2,16,35,Stormy
W022,R022,Arabian Sea,21,2.5,13,26,Moderate
W023,R023,Indian Ocean,32,3.9,13,9,Stormy
W024,R024,North Sea,24,2.0,17,28,Moderate
W025,R025,Arabian Sea,34,3.9,16,29,Stormy
W026,R026,Indian Ocean,30,3.1,16,26,Moderate
W027,R027,North Sea,30,3.9,17,28,Moderate
W028,R028,Arabian Sea,31,2.0,8,35,Stormy
W029,R029,Indian Ocean,34,4.7,15,27,Stormy
W030,R030,North Sea,35,1.8,10,29,Stormy
W031,R031,Arabian Sea,34,4.1,12,28,Stormy
W032,R032,Indian Ocean,29,3.1,18,25,Moderate
W033,R033,North Sea,24,4.3,18,27,Stormy
W034,R034,Arabian Sea,33,3.1,17,17,Stormy
W035,R035,Indian Ocean,24,2.1,14,21,Moderate
W036,R036,North Sea,21,2.2,8,22,Stormy
W037,R037,Arabian Sea,26,1.9,11,11,Moderate
W038,R038,Indian Ocean,29,2.2,12,32,Moderate
W039,R039,North Sea,33,2.2,10,26,Stormy
W040,R040,Arabian Sea,26,3.6,9,29,Stormy
W041,R041,Indian Ocean,18,2.8,9,40,Stormy
W042,R042,North Sea,24,3.6,10,15,Moderate
W043,R043,Arabian Sea,30,2.1,9,39,Stormy
W044,R044,Indian Ocean,27,4.1,12,40,Stormy
W045,R045,North Sea,26,3.7,12,23,Moderate
W046,R046,Arabian Sea,29,4.1,16,37,Stormy
W047,R047,Indian Ocean,32,4.3,14,29,Stormy
W048,R048,North Sea,31,2.1,15,11,Moderate
W049,R049,Arabian Sea,33,1.9,18,30,Stormy
W050,R050,Indian Ocean,24,2.3,11,16,Moderate
W051,R051,North Sea,26,4.0,16,12,Moderate
W052,R052,Arabian Sea,28,4.2,8,33,Stormy
W053,R053,Indian Ocean,30,4.7,14,18,Stormy
W054,R054,North Sea,19,4.1,10,12,Moderate
W055,R055,Arabian Sea,20,4.1,13,10,Moderate
W056,R056,Indian Ocean,35,3.3,17,27,Stormy
W057,R057,North Sea,28,3.3,17,28,Moderate
W058,R058,Arabian Sea,34,4.4,16,22,Stormy
W059,R059,Indian Ocean,32,2.7,15,24,Stormy
W060,R060,North Sea,24,2.2,9,13,Stormy
W061,R061,Arabian Sea,32,3.1,13,39,Stormy
W062,R062,Indian Ocean,25,3.9,16,38,Stormy
W063,R063,North Sea,27,3.9,8,24,Stormy
W064,R064,Arabian Sea,31,3.6,12,13,Moderate
W065,R065,Indian Ocean,29,2.3,9,38,Stormy
W066,R066,North Sea,22,4.0,18,9,Moderate
W067,R067,Arabian Sea,21,4.3,8,36,Stormy
W068,R068,Indian Ocean,20,3.6,10,40,Stormy
W069,R069,North Sea,28,3.0,16,28,Moderate
W070,R070,Arabian Sea,24,4.7,13,24,Stormy
W071,R071,Indian Ocean,22,4.5,11,28,Stormy
W072,R072,North Sea,26,4.1,16,29,Moderate
W073,R073,Arabian Sea,32,3.8,14,15,Stormy
W074,R074,Indian Ocean,34,4.5,16,24,Stormy
W075,R075,North Sea,21,4.1,9,34,Stormy
W076,R076,Arabian Sea,25,3.5,15,14,Moderate
W077,R077,Indian Ocean,18,3.0,17,25,Moderate
W078,R078,North Sea,19,2.7,16,30,Moderate
W079,R079,Arabian Sea,18,3.4,13,9,Moderate
W080,R080,Indian Ocean,26,3.5,11,34,Moderate
W081,R081,North Sea,32,4.8,13,36,Stormy
W082,R082,Arabian Sea,22,4.4,13,13,Stormy
W083,R083,Indian Ocean,34,2.1,10,23,Stormy
W084,R084,North Sea,18,3.3,8,13,Stormy
W085,R085,Arabian Sea,29,4.6,18,25,Stormy
W086,R086,Indian Ocean,26,3.7,14,34,Moderate
W087,R087,North Sea,25,3.5,11,40,Stormy
W088,R088,Arabian Sea,30,2.7,16,26,Moderate
W089,R089,Indian Ocean,25,3.8,10,23,Moderate
W090,R090,North Sea,26,3.7,18,18,Moderate
W091,R091,Arabian Sea,18,2.8,11,34,Moderate
W092,R092,Indian Ocean,19,4.8,18,40,Stormy
W093,R093,North Sea,26,3.8,15,33,Moderate
W094,R094,Arabian Sea,32,4.4,16,12,Stormy
W095,R095,Indian Ocean,18,4.3,13,13,Stormy
W096,R096,North Sea,33,2.0,15,33,Stormy
W097,R097,Arabian Sea,33,3.5,18,38,Stormy
W098,R098,Indian Ocean,30,3.1,12,32,Moderate
W099,R099,North Sea,23,4.7,17,28,Stormy
W100,R100,Arabian Sea,21,3.9,10,12,Moderate
W101,R101,Indian Ocean,21,1.9,13,39,Stormy
W102,R102,North Sea,22,3.7,13,33,Moderate
W103,R103,Arabian Sea,24,3.3,15,30,Moderate
W104,R104,Indian Ocean,22,3.9,12,35,Stormy
W105,R105,North Sea,20,4.2,18,30,Stormy
W106,R106,Arabian Sea,26,2.3,10,18,Moderate
W107,R107,Indian Ocean,35,3.3,15,34,Stormy
W108,R108,North Sea,25,3.4,10,26,Moderate
W109,R109,Arabian Sea,29,3.3,8,37,Stormy
W110,R110,Indian Ocean,30,2.6,11,36,Stormy
W111,R111,North Sea,19,3.6,9,10,Stormy
W112,R112,Arabian Sea,23,2.2,16,14,Good
W113,R113,Indian Ocean,35,4.0,14,17,Stormy
W114,R114,North Sea,31,4.0,12,31,Moderate
W115,R115,Arabian Sea,26,4.7,12,29,Stormy
W116,R116,Indian Ocean,25,2.2,17,31,Moderate
W117,R117,North Sea,21,3.1,11,33,Moderate
W118,R118,Arabian Sea,20,3.2,11,33,Moderate
W119,R119,Indian Ocean,29,2.7,13,38,Stormy
W120,R120,North Sea,20,2.2,13,27,Moderate
W121,R121,Arabian Sea,26,4.7,12,25,Stormy
W122,R122,Indian Ocean,32,3.8,18,15,Stormy
W123,R123,North Sea,24,3.4,17,33,Moderate
W124,R124,Arabian Sea,32,2.6,18,12,Stormy
W125,R125,Indian Ocean,19,4.6,14,12,Stormy
W126,R126,North Sea,34,3.1,17,19,Stormy
W127,R127,Arabian Sea,31,2.5,14,12,Moderate
W128,R128,Indian Ocean,35,4.0,15,31,Stormy
W129,R129,North Sea,19,3.3,18,10,Moderate
W130,R130,Arabian Sea,28,4.8,8,12,Stormy
W131,R131,Indian Ocean,31,2.1,10,12,Moderate
W132,R132,North Sea,35,2.2,17,35,Stormy
W133,R133,Arabian Sea,30,2.9,15,8,Moderate
W134,R134,Indian Ocean,24,3.8,14,29,Moderate
W135,R135,North Sea,25,3.5,17,8,Moderate
W136,R136,Arabian Sea,31,2.3,10,29,Moderate
W137,R137,Indian Ocean,30,2.6,12,17,Moderate
W138,R138,North Sea,34,1.9,18,8,Stormy
W139,R139,Arabian Sea,24,3.9,16,8,Moderate
W140,R140,Indian Ocean,20,4.5,11,17,Stormy
W141,R141,North Sea,32,4.0,16,37,Stormy
W142,R142,Arabian Sea,31,3.5,13,20,Moderate
W143,R143,Indian Ocean,34,4.4,17,35,Stormy
W144,R144,North Sea,25,3.0,16,26,Moderate
W145,R145,Arabian Sea,30,2.3,15,38,Stormy
W146,R146,Indian Ocean,28,2.5,9,32,Stormy
W147,R147,North Sea,31,4.4,15,32,Stormy
W148,R148,Arabian Sea,22,1.9,14,30,Moderate
W149,R149,Indian Ocean,19,4.5,10,24,Stormy
W150,R150,North Sea,21,2.4,8,17,Stormy
W151,R151,Arabian Sea,30,2.9,16,37,Stormy
W152,R152,Indian Ocean,30,3.3,18,37,Stormy
W153,R153,North Sea,18,2.7,9,35,Stormy
W154,R154,Arabian Sea,29,4.6,14,34,Stormy
W155,R155,Indian Ocean,30,3.2,15,14,Moderate
W156,R156,North Sea,29,4.4,15,10,Stormy
W157,R157,Arabian Sea,29,3.6,9,35,Stormy
W158,R158,Indian Ocean,25,2.3,8,39,Stormy
W159,R159,North Sea,33,4.0,14,17,Stormy
W160,R160,Arabian Sea,27,4.2,16,38,Stormy
W161,R161,Indian Ocean,31,3.3,16,8,Moderate
W162,R162,North Sea,20,4.3,14,26,Stormy
W163,R163,Arabian Sea,27,3.9,9,16,Stormy
W164,R164,Indian Ocean,33,4.3,8,28,Stormy
W165,R165,North Sea,24,2.5,17,37,Stormy
W166,R166,Arabian Sea,25,3.7,18,16,Moderate
W167,R167,Indian Ocean,33,2.1,10,39,Stormy
W168,R168,North Sea,23,3.5,17,37,Stormy
W169,R169,Arabian Sea,25,2.1,14,17,Good
W170,R170,Indian Ocean,29,2.7,17,12,Moderate
W171,R171,North Sea,27,2.7,13,8,Moderate
W172,R172,Arabian Sea,19,4.0,14,19,Moderate
W173,R173,Indian Ocean,24,2.9,17,31,Moderate
W174,R174,North Sea,34,2.6,11,29,Stormy
W175,R175,Arabian Sea,28,3.3,16,15,Moderate
W176,R176,Indian Ocean,28,3.9,12,8,Moderate
W177,R177,North Sea,20,4.2,16,20,Stormy
W178,R178,Arabian Sea,29,2.8,10,18,Moderate
W179,R179,Indian Ocean,35,4.2,11,21,Stormy
W180,R180,North Sea,19,2.2,9,27,Stormy
W181,R181,Arabian Sea,22,3.4,12,29,Moderate
W182,R182,Indian Ocean,25,2.8,16,37,Stormy
W183,R183,North Sea,34,4.8,10,12,Stormy
W184,R184,Arabian Sea,18,2.8,14,30,Moderate
W185,R185,Indian Ocean,31,2.9,18,12,Moderate
W186,R186,North Sea,28,3.1,12,17,Moderate
W187,R187,Arabian Sea,30,3.2,14,27,Moderate
W188,R188,Indian Ocean,21,2.3,13,20,Moderate
W189,R189,North Sea,29,2.5,14,36,Stormy
W190,R190,Arabian Sea,24,2.7,10,25,Moderate
W191,R191,Indian Ocean,23,3.2,8,18,Stormy
W192,R192,North Sea,18,4.1,8,23,Stormy
W193,R193,Arabian Sea,34,3.5,8,38,Stormy
W194,R194,Indian Ocean,32,2.2,17,34,Stormy
W195,R195,North Sea,31,2.8,17,27,Moderate
W196,R196,Arabian Sea,23,3.2,9,13,Stormy
W197,R197,Indian Ocean,34,3.7,14,40,Stormy
W198,R198,North Sea,18,4.3,18,27,Stormy
W199,R199,Arabian Sea,23,3.1,14,12,Moderate
W200,R200,Indian Ocean,35,2.0,12,8,Stormy
W201,R201,North Sea,26,2.7,11,27,Moderate
W202,R202,Arabian Sea,34,2.8,9,8,Stormy
W203,R203,Indian Ocean,32,3.7,12,37,Stormy
W204,R204,North Sea,34,3.4,12,28,Stormy
W205,R205,Arabian Sea,32,1.9,12,22,Stormy
W206,R206,Indian Ocean,29,4.5,18,13,Stormy
W207,R207,North Sea,34,3.8,9,30,Stormy
W208,R208,Arabian Sea,25,3.0,15,10,Moderate
W209,R209,Indian Ocean,25,2.7,10,26,Moderate
W210,R210,North Sea,22,4.0,17,37,Stormy
W211,R211,Arabian Sea,23,4.8,13,16,Stormy
W212,R212,Indian Ocean,29,3.2,16,39,Stormy
W213,R213,North Sea,28,3.4,12,37,Stormy
W214,R214,Arabian Sea,23,1.8,10,14,Moderate
W215,R215,Indian Ocean,18,2.0,10,32,Moderate
W216,R216,North Sea,28,3.3,14,25,Moderate
W217,R217,Arabian Sea,23,1.8,14,13,Good
W218,R218,Indian Ocean,19,3.8,9,12,Stormy
W219,R219,North Sea,26,3.2,11,12,Moderate
W220,R220,Arabian Sea,18,3.4,11,31,Moderate
W221,R221,Indian Ocean,24,2.3,8,32,Stormy
W222,R222,North Sea,33,4.3,9,27,Stormy
W223,R223,Arabian Sea,29,3.4,16,12,Moderate
W224,R224,Indian Ocean,31,2.6,18,16,Moderate
W225,R225,North Sea,18,1.9,18,38,Stormy
W226,R226,Arabian Sea,35,1.9,18,20,Stormy
W227,R227,Indian Ocean,25,3.7,13,30,Moderate
W228,R228,North Sea,30,4.2,13,14,Stormy
W229,R229,Arabian Sea,31,2.3,9,22,Stormy
W230,R230,Indian Ocean,21,1.8,17,28,Moderate
W231,R231,North Sea,21,2.3,13,14,Moderate
W232,R232,Arabian Sea,33,2.6,14,33,Stormy
W233,R233,Indian Ocean,32,3.2,17,15,Stormy
W234,R234,North Sea,35,4.3,18,18,Stormy
W235,R235,Arabian Sea,18,3.8,17,24,Moderate
W236,R236,Indian Ocean,30,2.8,16,28,Moderate
W237,R237,North Sea,19,4.7,14,22,Stormy
W238,R238,Arabian Sea,33,3.0,8,9,Stormy
W239,R239,Indian Ocean,28,3.7,9,32,Stormy
W240,R240,North Sea,30,3.9,18,33,Moderate
W241,R241,Arabian Sea,30,4.1,17,23,Moderate
W242,R242,Indian Ocean,33,3.4,14,17,Stormy
W243,R243,North Sea,20,4.0,15,37,Stormy
W244,R244,Arabian Sea,19,1.9,11,30,Moderate
W245,R245,Indian Ocean,19,4.0,12,34,Moderate
W246,R246,North Sea,30,3.4,11,17,Moderate
W247,R247,Arabian Sea,25,2.6,13,21,Moderate
W248,R248,Indian Ocean,30,4.0,8,10,Stormy
W249,R249,North Sea,18,2.2,12,25,Moderate
W250,R250,Arabian Sea,19,4.1,9,9,Stormy
W251,R251,Indian Ocean,26,4.1,16,21,Moderate
W252,R252,North Sea,22,3.4,12,30,Moderate
W253,R253,Arabian Sea,21,4.6,8,15,Stormy
W254,R254,Indian Ocean,22,2.1,8,27,Stormy
W255,R255,North Sea,29,4.2,9,34,Stormy
W256,R256,Arabian Sea,27,3.8,18,40,Stormy
W257,R257,Indian Ocean,32,3.3,18,35,Stormy
W258,R258,North Sea,18,2.5,11,29,Moderate
W259,R259,Arabian Sea,21,2.8,10,14,Moderate
W260,R260,Indian Ocean,31,4.7,10,17,Stormy
W261,R261,North Sea,26,4.3,10,39,Stormy
W262,R262,Arabian Sea,27,2.8,16,35,Stormy
W263,R263,Indian Ocean,32,4.1,11,10,Stormy
W264,R264,North Sea,32,4.8,12,17,Stormy
W265,R265,Arabian Sea,27,4.4,10,39,Stormy
W266,R266,Indian Ocean,32,3.8,12,9,Stormy
W267,R267,North Sea,35,2.0,9,24,Stormy
W268,R268,Arabian Sea,30,3.2,11,39,Stormy
W269,R269,Indian Ocean,32,4.5,16,14,Stormy
W270,R270,North Sea,32,2.5,16,27,Stormy
W271,R271,Arabian Sea,23,2.7,9,28,Stormy
W272,R272,Indian Ocean,22,3.8,17,23,Moderate
W273,R273,North Sea,34,2.9,15,18,Stormy
W274,R274,Arabian Sea,30,3.7,15,19,Moderate
W275,R275,Indian Ocean,34,2.3,12,18,Stormy
W276,R276,North Sea,28,4.7,15,14,Stormy
W277,R277,Arabian Sea,28,4.0,16,14,Moderate
W278,R278,Indian Ocean,31,2.0,15,34,Moderate
W279,R279,North Sea,22,4.6,16,29,Stormy
W280,R280,Arabian Sea,29,3.5,11,39,Stormy
W281,R281,Indian Ocean,23,1.9,9,36,Stormy
W282,R282,North Sea,29,4.2,14,34,Stormy
W283,R283,Arabian Sea,25,3.6,17,29,Moderate
W284,R284,Indian Ocean,35,4.7,17,19,Stormy
W285,R285,North Sea,29,2.9,14,18,Moderate
W286,R286,Arabian Sea,29,2.9,17,29,Moderate
W287,R287,Indian Ocean,30,3.4,12,20,Moderate
W288,R288,North Sea,20,3.5,15,28,Moderate
W289,R289,Arabian Sea,35,3.4,16,38,Stormy
W290,R290,Indian Ocean,28,3.3,11,34,Moderate
W291,R291,North Sea,23,2.8,15,36,Stormy
W292,R292,Arabian Sea,25,2.6,10,23,Moderate
W293,R293,Indian Ocean,33,4.2,18,34,Stormy
W294,R294,North Sea,30,4.2,16,31,Stormy
W295,R295,Arabian Sea,20,3.4,18,19,Moderate
W296,R296,Indian Ocean,22,4.4,18,24,Stormy
W297,R297,North Sea,28,2.8,16,13,Moderate
W298,R298,Arabian Sea,28,4.7,17,30,Stormy
W299,R299,Indian Ocean,20,3.9,16,25,Moderate
W300,R300,North Sea,31,2.5,14,18,Moderate
W301,R301,Arabian Sea,25,3.7,17,15,Moderate
W302,R302,Indian Ocean,19,4.8,11,40,Stormy
W303,R303,North Sea,20,3.5,11,12,Moderate
W304,R304,Arabian Sea,18,2.4,9,29,Stormy
W305,R305,Indian Ocean,34,2.0,12,9,Stormy
W306,R306,North Sea,22,4.7,14,37,Stormy
W307,R307,Arabian Sea,30,3.3,8,29,Stormy
W308,R308,Indian Ocean,22,3.7,15,18,Moderate
W309,R309,North Sea,26,3.2,9,23,Stormy
W310,R310,Arabian Sea,22,2.4,18,39,Stormy
W311,R311,Indian Ocean,20,3.8,11,9,Moderate
W312,R312,North Sea,30,3.4,10,40,Stormy
W313,R313,Arabian Sea,22,2.3,18,16,Good
W314,R314,Indian Ocean,22,3.3,13,26,Moderate
W315,R315,North Sea,30,2.1,18,38,Stormy
W316,R316,Arabian Sea,33,2.0,17,31,Stormy
W317,R317,Indian Ocean,31,2.1,12,18,Moderate
W318,R318,North Sea,28,2.1,9,22,Stormy
W319,R319,Arabian Sea,32,4.3,9,19,Stormy
W320,R320,Indian Ocean,31,2.1,13,9,Moderate
W321,R321,North Sea,35,2.8,10,28,Stormy
W322,R322,Arabian Sea,31,4.6,8,9,Stormy
W323,R323,Indian Ocean,29,3.1,17,29,Moderate
W324,R324,North Sea,35,3.7,14,30,Stormy
W325,R325,Arabian Sea,34,3.5,12,31,Stormy
W326,R326,Indian Ocean,34,2.9,13,32,Stormy
W327,R327,North Sea,23,4.6,18,21,Stormy
W328,R328,Arabian Sea,33,4.0,13,12,Stormy
W329,R329,Indian Ocean,19,2.0,12,21,Moderate
W330,R330,North Sea,32,2.7,9,24,Stormy
W331,R331,Arabian Sea,31,1.8,8,34,Stormy
W332,R332,Indian Ocean,26,3.3,8,38,Stormy
W333,R333,North Sea,31,4.1,14,16,Moderate
W334,R334,Arabian Sea,32,3.1,12,25,Stormy
W335,R335,Indian Ocean,21,4.6,14,29,Stormy
W336,R336,North Sea,34,4.3,15,14,Stormy
W337,R337,Arabian Sea,26,3.6,10,28,Moderate
W338,R338,Indian Ocean,20,3.4,13,17,Moderate
W339,R339,North Sea,25,3.3,18,40,Stormy
W340,R340,Arabian Sea,32,4.2,8,26,Stormy
W341,R341,Indian Ocean,27,2.9,18,38,Stormy
W342,R342,North Sea,25,2.5,16,9,Good
W343,R343,Arabian Sea,25,2.3,10,13,Moderate
W344,R344,Indian Ocean,30,4.1,15,8,Moderate
W345,R345,North Sea,20,3.6,8,25,Stormy
W346,R346,Arabian Sea,24,4.3,12,22,Stormy
W347,R347,Indian Ocean,31,4.4,12,15,Stormy
W348,R348,North Sea,24,4.6,13,38,Stormy
W349,R349,Arabian Sea,18,3.3,13,9,Moderate
W350,R350,Indian Ocean,32,4.5,13,18,Stormy
W351,R351,North Sea,29,1.9,17,26,Moderate
W352,R352,Arabian Sea,32,3.3,15,12,Stormy
W353,R353,Indian Ocean,27,2.4,16,12,Moderate
W354,R354,North Sea,34,2.1,12,11,Stormy
W355,R355,Arabian Sea,19,4.5,10,27,Stormy
W356,R356,Indian Ocean,21,4.3,18,34,Stormy
W357,R357,North Sea,28,4.0,16,30,Moderate
W358,R358,Arabian Sea,24,4.4,17,29,Stormy
W359,R359,Indian Ocean,35,2.6,12,19,Stormy
W360,R360,North Sea,25,3.1,10,11,Moderate
W361,R361,Arabian Sea,34,2.7,11,13,Stormy
W362,R362,Indian Ocean,31,2.1,14,10,Moderate
W363,R363,North Sea,21,1.9,11,18,Moderate
W364,R364,Arabian Sea,21,4.7,10,12,Stormy
W365,R365,Indian Ocean,33,3.3,8,29,Stormy
W366,R366,North Sea,32,3.1,13,37,Stormy
W367,R367,Arabian Sea,35,3.2,18,26,Stormy
W368,R368,Indian Ocean,29,2.3,11,21,Moderate
W369,R369,North Sea,18,4.7,18,18,Stormy
W370,R370,Arabian Sea,33,3.4,9,40,Stormy
W371,R371,Indian Ocean,21,4.3,12,31,Stormy
W372,R372,North Sea,29,4.1,11,27,Moderate
W373,R373,Arabian Sea,27,2.5,14,20,Moderate
W374,R374,Indian Ocean,19,4.7,11,17,Stormy
W375,R375,North Sea,32,3.0,17,22,Stormy
W376,R376,Arabian Sea,22,2.4,12,17,Moderate
W377,R377,Indian Ocean,24,3.0,9,19,Stormy
W378,R378,North Sea,33,4.7,13,20,Stormy
W379,R379,Arabian Sea,25,2.0,8,15,Stormy
W380,R380,Indian Ocean,30,3.5,14,40,Stormy
W381,R381,North Sea,28,4.1,9,24,Stormy
W382,R382,Arabian Sea,34,4.3,15,17,Stormy
W383,R383,Indian Ocean,24,2.0,13,10,Moderate
W384,R384,North Sea,29,3.1,13,32,Moderate
W385,R385,Arabian Sea,35,2.3,11,35,Stormy
W386,R386,Indian Ocean,33,4.0,10,37,Stormy
W387,R387,North Sea,29,3.2,13,32,Moderate
W388,R388,Arabian Sea,35,2.7,13,14,Stormy
W389,R389,Indian Ocean,22,2.5,18,39,Stormy
W390,R390,North Sea,31,3.3,15,29,Moderate
W391,R391,Arabian Sea,28,3.9,14,15,Moderate
W392,R392,Indian Ocean,25,3.1,17,39,Stormy
W393,R393,North Sea,28,2.4,13,25,Moderate
W394,R394,Arabian Sea,32,2.7,13,27,Stormy
W395,R395,Indian Ocean,35,4.3,17,11,Stormy
W396,R396,North Sea,18,3.1,13,13,Moderate
W397,R397,Arabian Sea,31,1.9,16,9,Moderate
W398,R398,Indian Ocean,20,4.2,8,9,Stormy
W399,R399,North Sea,34,4.6,16,22,Stormy
W400,R400,Arabian Sea,20,4.0,12,40,Stormy
W401,R401,Indian Ocean,35,3.4,13,17,Stormy
W402,R402,North Sea,18,4.7,12,29,Stormy
W403,R403,Arabian Sea,31,4.7,16,19,Stormy
W404,R404,Indian Ocean,32,4.5,10,11,Stormy
W405,R405,North Sea,30,3.5,17,33,Moderate
W406,R406,Arabian Sea,18,1.8,17,21,Moderate
W407,R407,Indian Ocean,26,1.9,18,24,Moderate
W408,R408,North Sea,34,1.9,10,18,Stormy
W409,R409,Arabian Sea,28,3.8,16,37,Stormy
W410,R410,Indian Ocean,33,4.1,9,33,Stormy
W411,R411,North Sea,29,3.9,10,10,Moderate
W412,R412,Arabian Sea,22,3.1,16,35,Stormy
W413,R413,Indian Ocean,33,3.4,16,12,Stormy
W414,R414,North Sea,29,2.6,14,17,Moderate
W415,R415,Arabian Sea,32,4.0,15,15,Stormy
W416,R416,Indian Ocean,27,2.0,18,38,Stormy
W417,R417,North Sea,18,3.0,11,38,Stormy
W418,R418,Arabian Sea,28,4.4,18,25,Stormy
W419,R419,Indian Ocean,30,3.2,9,17,Stormy
W420,R420,North Sea,30,3.3,16,20,Moderate
W421,R421,Arabian Sea,25,4.0,10,13,Moderate
W422,R422,Indian Ocean,18,4.7,11,10,Stormy
W423,R423,North Sea,18,3.9,13,27,Moderate
W424,R424,Arabian Sea,21,2.7,12,36,Stormy
W425,R425,Indian Ocean,26,4.7,11,26,Stormy
W426,R426,North Sea,18,4.5,16,20,Stormy
W427,R427,Arabian Sea,29,4.2,13,33,Stormy
W428,R428,Indian Ocean,22,3.1,11,30,Moderate
W429,R429,North Sea,33,4.2,11,13,Stormy
W430,R430,Arabian Sea,21,3.9,11,16,Moderate
W431,R431,Indian Ocean,19,4.3,8,19,Stormy
W432,R432,North Sea,33,4.7,18,40,Stormy
W433,R433,Arabian Sea,31,1.9,14,24,Moderate
W434,R434,Indian Ocean,26,3.0,17,13,Moderate
W435,R435,North Sea,23,3.3,16,12,Moderate
W436,R436,Arabian Sea,22,2.8,9,19,Stormy
W437,R437,Indian Ocean,19,2.8,16,36,Stormy
W438,R438,North Sea,28,3.3,14,20,Moderate
W439,R439,Arabian Sea,32,3.6,12,19,Stormy
W440,R440,Indian Ocean,23,2.1,15,17,Good
W441,R441,North Sea,23,3.2,17,35,Stormy
W442,R442,Arabian Sea,29,1.9,10,26,Moderate
W443,R443,Indian Ocean,24,2.7,10,23,Moderate
W444,R444,North Sea,23,3.4,10,14,Moderate
W445,R445,Arabian Sea,20,2.0,11,33,Moderate
W446,R446,Indian Ocean,26,3.2,15,34,Moderate
W447,R447,North Sea,30,2.1,11,24,Moderate
W448,R448,Arabian Sea,35,2.8,13,36,Stormy
W449,R449,Indian Ocean,19,3.8,8,26,Stormy
W450,R450,North Sea,23,4.1,13,20,Moderate
W451,R451,Arabian Sea,29,3.6,18,8,Moderate
W452,R452,Indian Ocean,26,3.7,14,9,Moderate
W453,R453,North Sea,27,2.4,15,29,Moderate
W454,R454,Arabian Sea,27,2.5,11,34,Moderate
W455,R455,Indian Ocean,21,3.5,17,11,Moderate
W456,R456,North Sea,26,3.4,17,36,Stormy
W457,R457,Arabian Sea,28,3.9,10,14,Moderate
W458,R458,Indian Ocean,27,2.3,16,15,Moderate
W459,R459,North Sea,28,4.3,18,18,Stormy
W460,R460,Arabian Sea,27,4.4,16,32,Stormy
W461,R461,Indian Ocean,30,2.8,14,39,Stormy
W462,R462,North Sea,31,2.0,8,39,Stormy
W463,R463,Arabian Sea,23,2.5,18,16,Good
W464,R464,Indian Ocean,24,2.6,8,36,Stormy
W465,R465,North Sea,29,4.5,12,22,Stormy
W466,R466,Arabian Sea,19,4.3,13,19,Stormy
W467,R467,Indian Ocean,25,4.0,10,19,Moderate
W468,R468,North Sea,30,2.4,17,27,Moderate
W469,R469,Arabian Sea,20,2.9,8,29,Stormy
W470,R470,Indian Ocean,23,4.2,8,32,Stormy
W471,R471,North Sea,27,3.1,18,11,Moderate
W472,R472,Arabian Sea,25,3.5,17,11,Moderate
W473,R473,Indian Ocean,30,2.3,14,34,Moderate
W474,R474,North Sea,31,2.3,8,39,Stormy
W475,R475,Arabian Sea,26,3.0,11,15,Moderate
W476,R476,Indian Ocean,24,3.4,15,9,Moderate
W477,R477,North Sea,29,4.1,18,17,Moderate
W478,R478,Arabian Sea,31,3.7,10,12,Moderate
W479,R479,Indian Ocean,19,3.3,12,14,Moderate
W480,R480,North Sea,22,4.0,15,19,Moderate
W481,R481,Arabian Sea,23,4.4,13,37,Stormy
W482,R482,Indian Ocean,22,2.6,16,37,Stormy
W483,R483,North Sea,31,4.6,15,10,Stormy
W484,R484,Arabian Sea,18,4.0,13,31,Moderate
W485,R485,Indian Ocean,20,2.4,15,18,Good
W486,R486,North Sea,35,2.9,13,24,Stormy
W487,R487,Arabian Sea,33,3.8,16,13,Stormy
W488,R488,Indian Ocean,31,3.8,18,32,Moderate
W489,R489,North Sea,29,4.5,9,25,Stormy
W490,R490,Arabian Sea,18,3.8,14,25,Moderate
W491,R491,Indian Ocean,35,4.2,17,12,Stormy
W492,R492,North Sea,24,4.2,12,28,Stormy
W493,R493,Arabian Sea,28,3.1,9,25,Stormy
W494,R494,Indian Ocean,19,3.0,13,31,Moderate
W495,R495,North Sea,35,2.9,12,26,Stormy
W496,R496,Arabian Sea,30,3.7,15,21,Moderate
W497,R497,Indian Ocean,22,4.7,15,10,Stormy
W498,R498,North Sea,34,4.2,15,36,Stormy
W499,R499,Arabian Sea,27,2.1,17,8,Moderate
W500,R500,Indian Ocean,21,2.0,10,16,Moderate
W501,R501,North Sea,28,3.6,17,8,Moderate
W502,R502,Arabian Sea,25,3.0,8,9,Stormy
W503,R503,Indian Ocean,18,4.4,13,36,Stormy
W504,R504,North Sea,34,2.7,18,16,Stormy
W505,R505,Arabian Sea,31,4.0,16,20,Moderate
W506,R506,Indian Ocean,28,2.2,9,34,Stormy
W507,R507,North Sea,19,2.2,17,21,Moderate
W508,R508,Arabian Sea,31,1.9,14,28,Moderate
W509,R509,Indian Ocean,31,2.4,17,28,Moderate
W510,R510,North Sea,29,3.8,13,38,Stormy
W511,R511,Arabian Sea,25,2.2,13,32,Moderate
W512,R512,Indian Ocean,18,4.0,11,36,Stormy
W513,R513,North Sea,33,2.5,12,36,Stormy
W514,R514,Arabian Sea,24,4.1,13,32,Moderate
W515,R515,Indian Ocean,28,3.8,18,19,Moderate
W516,R516,North Sea,24,4.7,11,33,Stormy
W517,R517,Arabian Sea,25,2.0,11,26,Moderate
W518,R518,Indian Ocean,18,4.6,8,27,Stormy
W519,R519,North Sea,25,3.6,16,27,Moderate
W520,R520,Arabian Sea,33,1.9,11,19,Stormy
W521,R521,Indian Ocean,20,4.2,9,18,Stormy
W522,R522,North Sea,32,4.4,12,9,Stormy
W523,R523,Arabian Sea,31,3.0,13,31,Moderate
W524,R524,Indian Ocean,25,4.8,12,33,Stormy
W525,R525,North Sea,25,4.5,13,24,Stormy
W526,R526,Arabian Sea,25,2.1,18,33,Moderate
W527,R527,Indian Ocean,30,2.4,16,8,Moderate
W528,R528,North Sea,21,2.4,10,26,Moderate
W529,R529,Arabian Sea,32,3.9,12,27,Stormy
W530,R530,Indian Ocean,32,3.4,18,10,Stormy
W531,R531,North Sea,27,3.5,11,22,Moderate
W532,R532,Arabian Sea,28,3.0,8,16,Stormy
W533,R533,Indian Ocean,35,2.9,15,22,Stormy
W534,R534,North Sea,19,4.2,14,17,Stormy
W535,R535,Arabian Sea,34,2.4,15,37,Stormy
W536,R536,Indian Ocean,29,2.2,10,36,Stormy
W537,R537,North Sea,25,4.4,14,18,Stormy
W538,R538,Arabian Sea,35,2.5,10,16,Stormy
W539,R539,Indian Ocean,24,2.4,11,8,Moderate
W540,R540,North Sea,35,1.9,18,39,Stormy
W541,R541,Arabian Sea,24,3.1,17,9,Moderate
W542,R542,Indian Ocean,22,3.6,14,35,Stormy
W543,R543,North Sea,29,2.0,13,34,Moderate
W544,R544,Arabian Sea,24,2.3,14,36,Stormy
W545,R545,Indian Ocean,23,2.8,8,19,Stormy
W546,R546,North Sea,35,2.1,11,31,Stormy
W547,R547,Arabian Sea,26,4.7,8,26,Stormy
W548,R548,Indian Ocean,22,4.4,15,18,Stormy
W549,R549,North Sea,35,4.6,8,14,Stormy
W550,R550,Arabian Sea,31,2.0,15,40,Stormy
W551,R551,Indian Ocean,28,2.7,10,17,Moderate
W552,R552,North Sea,26,4.8,9,11,Stormy
W553,R553,Arabian Sea,24,3.8,16,23,Moderate
W554,R554,Indian Ocean,27,4.6,18,34,Stormy
W555,R555,North Sea,25,3.0,17,11,Moderate
W556,R556,Arabian Sea,24,3.2,11,28,Moderate
W557,R557,Indian Ocean,27,3.4,11,21,Moderate
W558,R558,North Sea,20,4.1,9,26,Stormy
W559,R559,Arabian Sea,26,4.8,15,10,Stormy
W560,R560,Indian Ocean,25,3.8,13,23,Moderate
W561,R561,North Sea,22,4.5,8,21,Stormy
W562,R562,Arabian Sea,28,4.7,15,39,Stormy
W563,R563,Indian Ocean,27,3.0,13,36,Stormy
W564,R564,North Sea,19,4.8,10,18,Stormy
W565,R565,Arabian Sea,35,3.2,13,12,Stormy
W566,R566,Indian Ocean,29,4.1,17,16,Moderate
W567,R567,North Sea,25,3.7,17,40,Stormy
W568,R568,Arabian Sea,24,2.0,10,38,Stormy
W569,R569,Indian Ocean,29,4.7,11,8,Stormy
W570,R570,North Sea,24,3.0,10,25,Moderate
W571,R571,Arabian Sea,29,4.1,9,10,Stormy
W572,R572,Indian Ocean,31,3.7,16,24,Moderate
W573,R573,North Sea,21,3.7,9,27,Stormy
W574,R574,Arabian Sea,25,3.4,14,12,Moderate
W575,R575,Indian Ocean,25,2.1,9,12,Stormy
W576,R576,North Sea,31,3.2,8,26,Stormy
W577,R577,Arabian Sea,28,3.3,17,35,Stormy
W578,R578,Indian Ocean,26,1.8,8,26,Stormy
W579,R579,North Sea,27,4.1,14,10,Moderate
W580,R580,Arabian Sea,23,3.5,10,17,Moderate
W581,R581,Indian Ocean,30,4.0,16,14,Moderate
W582,R582,North Sea,25,2.9,17,23,Moderate
W583,R583,Arabian Sea,23,3.7,17,34,Moderate
W584,R584,Indian Ocean,31,4.1,17,29,Moderate
W585,R585,North Sea,20,2.1,10,10,Moderate
W586,R586,Arabian Sea,21,4.6,11,8,Stormy
W587,R587,Indian Ocean,29,3.7,10,35,Stormy
W588,R588,North Sea,35,3.8,16,34,Stormy
W589,R589,Arabian Sea,29,2.8,15,20,Moderate
W590,R590,Indian Ocean,23,4.3,17,34,Stormy
W591,R591,North Sea,30,3.6,18,34,Moderate
W592,R592,Arabian Sea,28,3.5,13,8,Moderate
W593,R593,Indian Ocean,33,2.5,17,12,Stormy
W594,R594,North Sea,33,4.4,17,9,Stormy
W595,R595,Arabian Sea,24,2.7,11,38,Stormy
W596,R596,Indian Ocean,18,4.2,12,18,Stormy
W597,R597,North Sea,29,2.4,18,10,Moderate
W598,R598,Arabian Sea,35,2.7,12,35,Stormy
W599,R599,Indian Ocean,19,2.1,15,16,Good
W600,R600,North Sea,34,3.0,10,18,Stormy
W601,R601,Arabian Sea,21,3.2,12,10,Moderate
W602,R602,Indian Ocean,18,2.0,9,37,Stormy
W603,R603,North Sea,35,4.6,16,29,Stormy
W604,R604,Arabian Sea,31,4.7,12,38,Stormy
W605,R605,Indian Ocean,27,2.2,17,37,Stormy
W606,R606,North Sea,33,3.8,8,17,Stormy
W607,R607,Arabian Sea,18,2.8,13,34,Moderate
W608,R608,Indian Ocean,18,4.1,17,25,Moderate
W609,R609,North Sea,32,4.8,16,40,Stormy
W610,R610,Arabian Sea,21,3.5,11,24,Moderate
W611,R611,Indian Ocean,28,3.0,13,19,Moderate
W612,R612,North Sea,19,3.5,8,8,Stormy
W613,R613,Arabian Sea,31,3.4,11,15,Moderate
W614,R614,Indian Ocean,27,3.0,16,36,Stormy
W615,R615,North Sea,25,3.5,18,22,Moderate
W616,R616,Arabian Sea,25,2.7,8,26,Stormy
W617,R617,Indian Ocean,25,4.6,18,11,Stormy
W618,R618,North Sea,25,2.5,13,27,Moderate
W619,R619,Arabian Sea,24,2.3,10,39,Stormy
W620,R620,Indian Ocean,18,2.6,16,13,Good
W621,R621,North Sea,30,3.3,11,27,Moderate
W622,R622,Arabian Sea,24,4.6,12,15,Stormy
W623,R623,Indian Ocean,22,4.1,16,17,Moderate
W624,R624,North Sea,28,2.6,8,18,Stormy
W625,R625,Arabian Sea,20,3.4,12,23,Moderate
W626,R626,Indian Ocean,24,2.0,17,29,Moderate
W627,R627,North Sea,28,3.9,11,24,Moderate
W628,R628,Arabian Sea,34,3.7,10,19,Stormy
W629,R629,Indian Ocean,31,2.0,8,33,Stormy
W630,R630,North Sea,18,3.6,17,39,Stormy
W631,R631,Arabian Sea,32,4.6,10,26,Stormy
W632,R632,Indian Ocean,34,3.7,18,13,Stormy
W633,R633,North Sea,22,2.0,10,30,Moderate
W634,R634,Arabian Sea,23,4.0,11,24,Moderate
W635,R635,Indian Ocean,29,3.7,16,9,Moderate
W636,R636,North Sea,28,4.1,12,25,Moderate
W637,R637,Arabian Sea,22,2.2,13,29,Moderate
W638,R638,Indian Ocean,21,2.8,13,33,Moderate
W639,R639,North Sea,32,2.0,18,24,Stormy
W640,R640,Arabian Sea,20,3.1,14,40,Stormy
W641,R641,Indian Ocean,21,2.5,9,23,Stormy
W642,R642,North Sea,19,3.1,12,26,Moderate
W643,R643,Arabian Sea,21,1.9,17,16,Good
W644,R644,Indian Ocean,19,4.0,8,22,Stormy
W645,R645,North Sea,30,4.4,12,12,Stormy
W646,R646,Arabian Sea,25,2.5,13,18,Moderate
W647,R647,Indian Ocean,20,4.5,15,35,Stormy
W648,R648,North Sea,30,2.8,13,31,Moderate
W649,R649,Arabian Sea,33,4.0,11,18,Stormy
W650,R650,Indian Ocean,20,4.7,11,14,Stormy
W651,R651,North Sea,34,4.7,17,9,Stormy
W652,R652,Arabian Sea,32,3.4,9,20,Stormy
W653,R653,Indian Ocean,25,2.2,12,8,Moderate
W654,R654,North Sea,19,3.5,11,34,Moderate
W655,R655,Arabian Sea,27,2.4,16,37,Stormy
W656,R656,Indian Ocean,18,3.3,16,36,Stormy
W657,R657,North Sea,35,3.1,12,35,Stormy
W658,R658,Arabian Sea,31,2.8,10,33,Moderate
W659,R659,Indian Ocean,29,2.2,13,30,Moderate
W660,R660,North Sea,29,2.7,15,38,Stormy
W661,R661,Arabian Sea,27,2.6,10,10,Moderate
W662,R662,Indian Ocean,34,2.2,15,33,Stormy
W663,R663,North Sea,25,2.0,16,20,Moderate
W664,R664,Arabian Sea,33,4.7,14,10,Stormy
W665,R665,Indian Ocean,30,4.7,12,29,Stormy
W666,R666,North Sea,30,3.5,15,15,Moderate
W667,R667,Arabian Sea,35,3.3,8,26,Stormy
W668,R668,Indian Ocean,21,3.3,18,20,Moderate
W669,R669,North Sea,31,3.7,11,11,Moderate
W670,R670,Arabian Sea,28,2.4,18,27,Moderate
W671,R671,Indian Ocean,20,3.7,13,16,Moderate
W672,R672,North Sea,23,4.3,9,31,Stormy
W673,R673,Arabian Sea,21,3.5,8,33,Stormy
W674,R674,Indian Ocean,26,3.0,8,18,Stormy
W675,R675,North Sea,31,3.5,15,24,Moderate
W676,R676,Arabian Sea,23,2.7,17,26,Moderate
W677,R677,Indian Ocean,34,3.7,14,37,Stormy
W678,R678,North Sea,25,2.2,8,9,Stormy
W679,R679,Arabian Sea,26,2.4,13,35,Stormy
W680,R680,Indian Ocean,19,3.4,10,34,Moderate
W681,R681,North Sea,21,2.2,16,34,Moderate
W682,R682,Arabian Sea,28,3.7,12,11,Moderate
W683,R683,Indian Ocean,18,4.0,12,20,Moderate
W684,R684,North Sea,22,3.6,9,24,Stormy
W685,R685,Arabian Sea,30,4.2,13,35,Stormy
W686,R686,Indian Ocean,23,4.2,16,34,Stormy
W687,R687,North Sea,27,3.4,15,14,Moderate
W688,R688,Arabian Sea,20,2.3,12,38,Stormy
W689,R689,Indian Ocean,20,2.6,17,34,Moderate
W690,R690,North Sea,27,4.4,8,30,Stormy
W691,R691,Arabian Sea,34,4.6,17,29,Stormy
W692,R692,Indian Ocean,35,2.1,13,33,Stormy
W693,R693,North Sea,26,4.4,8,23,Stormy
W694,R694,Arabian Sea,20,3.1,11,29,Moderate
W695,R695,Indian Ocean,26,4.2,13,31,Stormy
W696,R696,North Sea,34,2.2,8,39,Stormy
W697,R697,Arabian Sea,21,2.4,18,40,Stormy
W698,R698,Indian Ocean,32,4.2,15,20,Stormy
W699,R699,North Sea,22,3.4,11,16,Moderate
W700,R700,Arabian Sea,28,3.8,10,12,Moderate
W701,R701,Indian Ocean,18,3.2,12,15,Moderate
W702,R702,North Sea,25,4.4,17,37,Stormy
W703,R703,Arabian Sea,23,2.9,11,31,Moderate
W704,R704,Indian Ocean,27,4.3,14,21,Stormy
W705,R705,North Sea,32,4.5,8,25,Stormy
W706,R706,Arabian Sea,27,3.8,13,37,Stormy
W707,R707,Indian Ocean,28,3.4,16,18,Moderate
W708,R708,North Sea,29,2.7,16,11,Moderate
W709,R709,Arabian Sea,35,4.2,18,33,Stormy
W710,R710,Indian Ocean,34,2.2,9,39,Stormy
W711,R711,North Sea,19,3.9,10,25,Moderate
W712,R712,Arabian Sea,35,4.6,12,17,Stormy
W713,R713,Indian Ocean,32,3.9,13,30,Stormy
W714,R714,North Sea,19,2.4,13,30,Moderate
W715,R715,Arabian Sea,25,4.3,15,38,Stormy
W716,R716,Indian Ocean,34,2.5,16,33,Stormy
W717,R717,North Sea,21,4.4,10,8,Stormy
W718,R718,Arabian Sea,35,3.8,8,13,Stormy
W719,R719,Indian Ocean,34,2.8,8,36,Stormy
W720,R720,North Sea,28,4.2,9,34,Stormy
W721,R721,Arabian Sea,32,2.0,8,23,Stormy
W722,R722,Indian Ocean,22,3.2,16,34,Moderate
W723,R723,North Sea,23,3.2,18,21,Moderate
W724,R724,Arabian Sea,28,3.5,16,35,Stormy
W725,R725,Indian Ocean,19,3.0,12,33,Moderate
W726,R726,North Sea,21,2.0,12,21,Moderate
W727,R727,Arabian Sea,29,2.3,15,29,Moderate
W728,R728,Indian Ocean,23,2.4,11,27,Moderate
W729,R729,North Sea,23,4.7,12,33,Stormy
W730,R730,Arabian Sea,22,1.8,15,12,Good
W731,R731,Indian Ocean,18,2.6,9,30,Stormy
W732,R732,North Sea,27,3.5,16,37,Stormy
W733,R733,Arabian Sea,27,2.4,16,15,Moderate
W734,R734,Indian Ocean,20,3.4,13,29,Moderate
W735,R735,North Sea,29,2.8,9,18,Stormy
W736,R736,Arabian Sea,26,2.8,11,24,Moderate
W737,R737,Indian Ocean,28,3.8,15,28,Moderate
W738,R738,North Sea,32,4.1,9,23,Stormy
W739,R739,Arabian Sea,25,4.7,17,25,Stormy
W740,R740,Indian Ocean,34,4.8,11,18,Stormy
W741,R741,North Sea,33,4.0,13,38,Stormy
W742,R742,Arabian Sea,22,3.6,18,16,Moderate
W743,R743,Indian Ocean,26,4.3,14,28,Stormy
W744,R744,North Sea,24,4.0,12,26,Moderate
W745,R745,Arabian Sea,35,2.3,8,12,Stormy
W746,R746,Indian Ocean,28,2.3,13,27,Moderate
W747,R747,North Sea,24,4.4,9,26,Stormy
W748,R748,Arabian Sea,28,4.0,8,9,Stormy
W749,R749,Indian Ocean,32,4.8,14,24,Stormy
W750,R750,North Sea,29,3.8,14,28,Moderate
W751,R751,Arabian Sea,31,3.0,13,10,Moderate
W752,R752,Indian Ocean,31,3.1,13,37,Stormy
W753,R753,North Sea,33,3.6,13,27,Stormy
W754,R754,Arabian Sea,23,1.9,12,14,Moderate
W755,R755,Indian Ocean,21,1.8,18,35,Stormy
W756,R756,North Sea,33,4.0,10,39,Stormy
W757,R757,Arabian Sea,34,3.2,13,35,Stormy
W758,R758,Indian Ocean,27,3.7,16,11,Moderate
W759,R759,North Sea,35,2.2,14,22,Stormy
W760,R760,Arabian Sea,19,4.5,16,20,Stormy
W761,R761,Indian Ocean,27,2.4,10,8,Moderate
W762,R762,North Sea,28,4.1,10,12,Moderate
W763,R763,Arabian Sea,20,2.3,10,32,Moderate
W764,R764,Indian Ocean,26,2.5,17,22,Moderate
W765,R765,North Sea,29,4.4,9,34,Stormy
W766,R766,Arabian Sea,20,1.9,18,26,Moderate
W767,R767,Indian Ocean,22,4.2,14,9,Stormy
W768,R768,North Sea,29,3.6,15,29,Moderate
W769,R769,Arabian Sea,27,4.3,10,9,Stormy
W770,R770,Indian Ocean,22,4.0,12,31,Moderate
W771,R771,North Sea,26,2.6,10,31,Moderate
W772,R772,Arabian Sea,29,2.1,15,40,Stormy
W773,R773,Indian Ocean,18,4.2,11,39,Stormy
W774,R774,North Sea,18,2.7,17,11,Good
W775,R775,Arabian Sea,21,4.7,13,35,Stormy
W776,R776,Indian Ocean,33,4.5,10,29,Stormy
W777,R777,North Sea,35,4.5,15,24,Stormy
W778,R778,Arabian Sea,30,3.0,11,17,Moderate
W779,R779,Indian Ocean,24,3.0,17,33,Moderate
W780,R780,North Sea,27,1.9,16,24,Moderate
W781,R781,Arabian Sea,24,4.6,11,14,Stormy
W782,R782,Indian Ocean,34,4.3,9,10,Stormy
W783,R783,North Sea,18,3.5,18,15,Moderate
W784,R784,Arabian Sea,29,3.6,18,9,Moderate
W785,R785,Indian Ocean,29,4.1,18,24,Moderate
W786,R786,North Sea,28,4.4,17,35,Stormy
W787,R787,Arabian Sea,29,3.1,12,33,Moderate
W788,R788,Indian Ocean,18,2.7,15,22,Moderate
W789,R789,North Sea,26,4.3,16,33,Stormy
W790,R790,Arabian Sea,19,3.7,18,12,Moderate
W791,R791,Indian Ocean,33,3.5,11,28,Stormy
W792,R792,North Sea,19,2.2,10,13,Moderate
W793,R793,Arabian Sea,34,3.2,10,31,Stormy
W794,R794,Indian Ocean,28,2.6,10,9,Moderate
W795,R795,North Sea,34,3.6,17,33,Stormy
W796,R796,Arabian Sea,19,4.2,9,14,Stormy
W797,R797,Indian Ocean,18,2.6,12,26,Moderate
W798,R798,North Sea,20,3.0,16,40,Stormy
W799,R799,Arabian Sea,18,2.1,12,38,Stormy
W800,R800,Indian Ocean,20,2.0,10,30,Moderate
W801,R801,North Sea,25,4.7,8,13,Stormy
W802,R802,Arabian Sea,25,3.3,8,30,Stormy
W803,R803,Indian Ocean,33,2.8,16,14,Stormy
W804,R804,North Sea,31,2.7,10,15,Moderate
W805,R805,Arabian Sea,28,4.3,11,36,Stormy
W806,R806,Indian Ocean,25,3.6,18,23,Moderate
W807,R807,North Sea,24,2.9,10,29,Moderate
W808,R808,Arabian Sea,21,4.8,17,25,Stormy
W809,R809,Indian Ocean,19,2.1,16,29,Moderate
W810,R810,North Sea,24,3.2,16,9,Moderate
W811,R811,Arabian Sea,27,3.8,17,37,Stormy
W812,R812,Indian Ocean,31,3.4,13,35,Stormy
W813,R813,North Sea,35,2.1,17,23,Stormy
W814,R814,Arabian Sea,28,4.5,9,23,Stormy
W815,R815,Indian Ocean,26,2.5,14,38,Stormy
W816,R816,North Sea,29,4.4,17,12,Stormy
W817,R817,Arabian Sea,29,2.8,16,37,Stormy
W818,R818,Indian Ocean,23,3.0,9,8,Stormy
W819,R819,North Sea,35,2.5,8,15,Stormy
W820,R820,Arabian Sea,26,4.7,12,39,Stormy
W821,R821,Indian Ocean,23,1.9,8,32,Stormy
W822,R822,North Sea,21,3.2,13,13,Moderate
W823,R823,Arabian Sea,33,3.2,15,17,Stormy
W824,R824,Indian Ocean,32,4.4,11,16,Stormy
W825,R825,North Sea,35,3.6,12,8,Stormy
W826,R826,Arabian Sea,31,1.9,17,11,Moderate
W827,R827,Indian Ocean,23,4.5,13,18,Stormy
W828,R828,North Sea,28,4.0,14,36,Stormy
W829,R829,Arabian Sea,34,3.0,12,36,Stormy
W830,R830,Indian Ocean,31,3.4,16,24,Moderate
W831,R831,North Sea,19,3.4,18,13,Moderate
W832,R832,Arabian Sea,26,2.5,10,36,Stormy
W833,R833,Indian Ocean,25,4.3,8,18,Stormy
W834,R834,North Sea,29,2.0,16,8,Moderate
W835,R835,Arabian Sea,23,3.2,10,38,Stormy
W836,R836,Indian Ocean,33,1.8,18,38,Stormy
W837,R837,North Sea,34,4.1,14,25,Stormy
W838,R838,Arabian Sea,22,3.8,11,36,Stormy
W839,R839,Indian Ocean,33,2.6,18,11,Stormy
W840,R840,North Sea,32,1.9,9,24,Stormy
W841,R841,Arabian Sea,30,3.5,13,26,Moderate
W842,R842,Indian Ocean,22,2.5,17,20,Moderate
W843,R843,North Sea,21,2.3,14,31,Moderate
W844,R844,Arabian Sea,27,4.4,11,21,Stormy
W845,R845,Indian Ocean,35,3.6,8,24,Stormy
W846,R846,North Sea,33,2.5,15,33,Stormy
W847,R847,Arabian Sea,27,2.5,16,26,Moderate
W848,R848,Indian Ocean,35,3.0,16,35,Stormy
W849,R849,North Sea,27,3.2,15,26,Moderate
W850,R850,Arabian Sea,28,2.5,13,28,Moderate
W851,R851,Indian Ocean,34,4.5,17,24,Stormy
W852,R852,North Sea,23,2.9,10,38,Stormy
W853,R853,Arabian Sea,21,3.3,18,39,Stormy
W854,R854,Indian Ocean,34,3.0,10,40,Stormy
W855,R855,North Sea,28,2.0,17,17,Moderate
W856,R856,Arabian Sea,19,4.5,10,28,Stormy
W857,R857,Indian Ocean,20,2.0,8,17,Stormy
W858,R858,North Sea,27,2.5,15,20,Moderate
W859,R859,Arabian Sea,28,3.1,14,13,Moderate
W860,R860,Indian Ocean,28,4.6,16,35,Stormy
W861,R861,North Sea,23,3.8,17,11,Moderate
W862,R862,Arabian Sea,30,1.9,15,16,Moderate
W863,R863,Indian Ocean,21,2.4,10,24,Moderate
W864,R864,North Sea,30,2.5,15,26,Moderate
W865,R865,Arabian Sea,32,4.7,18,13,Stormy
W866,R866,Indian Ocean,28,3.1,17,39,Stormy
W867,R867,North Sea,20,3.4,15,19,Moderate
W868,R868,Arabian Sea,24,4.0,18,31,Moderate
W869,R869,Indian Ocean,32,3.9,17,12,Stormy
W870,R870,North Sea,28,1.9,15,18,Moderate
W871,R871,Arabian Sea,32,2.1,8,20,Stormy
W872,R872,Indian Ocean,20,4.7,9,32,Stormy
W873,R873,North Sea,32,3.8,12,35,Stormy
W874,R874,Arabian Sea,24,2.4,12,19,Moderate
W875,R875,Indian Ocean,23,2.9,14,22,Moderate
W876,R876,North Sea,18,4.7,9,21,Stormy
W877,R877,Arabian Sea,24,4.1,12,34,Moderate
W878,R878,Indian Ocean,27,2.5,16,29,Moderate
W879,R879,North Sea,32,3.4,8,28,Stormy
W880,R880,Arabian Sea,23,4.1,11,17,Moderate
W881,R881,Indian Ocean,20,2.1,14,28,Moderate
W882,R882,North Sea,31,4.3,17,15,Stormy
W883,R883,Arabian Sea,19,2.2,9,27,Stormy
W884,R884,Indian Ocean,28,4.7,13,16,Stormy
W885,R885,North Sea,27,2.0,17,39,Stormy
W886,R886,Arabian Sea,29,3.6,11,22,Moderate
W887,R887,Indian Ocean,23,4.3,9,28,Stormy
W888,R888,North Sea,34,2.4,13,20,Stormy
W889,R889,Arabian Sea,21,2.0,9,25,Stormy
W890,R890,Indian Ocean,20,3.7,13,12,Moderate
W891,R891,North Sea,26,2.2,14,19,Moderate
W892,R892,Arabian Sea,28,4.0,16,31,Moderate
W893,R893,Indian Ocean,34,2.4,17,21,Stormy
W894,R894,North Sea,31,2.3,8,22,Stormy
W895,R895,Arabian Sea,18,2.5,16,36,Stormy
W896,R896,Indian Ocean,26,2.0,15,16,Moderate
W897,R897,North Sea,31,3.4,11,40,Stormy
W898,R898,Arabian Sea,26,4.2,10,13,Stormy
W899,R899,Indian Ocean,31,3.1,17,28,Moderate
W900,R900,North Sea,18,4.4,14,38,Stormy
